http://healthyliving.msn.com/health-wellness/altruism-may-help-shield-teens-from-depression-study	True	altruism.2014-05-13.json	1
http://health.usnews.com/health-news/articles/2014/04/29/altruism-may-help-shield-teens-from-depression-study	True	altruism.2014-05-13.json	1
http://www.civilsociety.co.uk/finance/blogs/content/17340/is_altruism_dead	True	altruism.2014-05-13.json	1
http://www.greenvillebusinessmag.com/View-Article/ArticleID/6198/Year-of-Altruism-Day-of-Prayer.aspx	False	altruism.2014-05-13.json	1
http://events.sfgate.com/campbell_ca/events/show/370265155-altruism-a-benefit-for-giselle-ayala	True	altruism.2014-05-13.json	1
http://www.desmoinesregister.com/story/news/local/ankeny/2014/04/11/ankeny-inspire-altruism-kindness-random-acts/7542313/?from=global&sessionKey=&autologin=	True	altruism.2014-05-13.json	1
http://www.huffingtonpost.com/dana-beyer/passover-idle-gossip-and-competitive-altruism_b_5126258.html?utm_hp_ref=politics&ir=Politics		altruism.2014-05-13.json	1
http://www.huffingtonpost.com/dana-beyer/passover-idle-gossip-and-competitive-altruism_b_5126258.html?utm_hp_ref=gay-voices&ir=Gay+Voices		altruism.2014-05-13.json	1
http://pjmedia.com/lifestyle/2014/04/09/love-and-altruism-prove-opposite/		altruism.2014-05-13.json	1
http://kanglaonline.com/2014/04/missing-in-manipur-altruism-competitive-spirit-commitment-to-excel-2/		altruism.2014-05-13.json	1
http://kanglaonline.com/2014/04/missing-in-manipur-altruism-competitive-spirit-commitment-to-excel/		altruism.2014-05-13.json	1
http://www.timesofisrael.com/israeli-ted-event-hosts-experts-on-altruism-bad-breath-and-more/		altruism.2014-05-13.json	1
http://ieet.org/index.php/IEET/more/pearce20140320?utm_source=feedburner&utm_medium=feed&utm_campaign=Feed%3A+EthicalTechnology+Ethical+Technology#When:14:28:00Z	True	altruism.2014-05-13.json	1
http://www.northjersey.com/news/248140831_School_choice_cannot_survive_on_altruism_alone__on_altruism_alone.html	False	altruism.2014-05-13.json	1
http://phys.org/news/2014-02-people-due-spite-altruism.html	True	altruism.2014-05-13.json	1
http://www.huffingtonpost.com/christopher-norris/new-online-publication-hi_b_4713586.html?utm_hp_ref=black-voices&ir=Black+Voices		altruism.2014-05-13.json	1
http://www.examiner.com/article/altruism-and-subjective-wellbeing?cid=rss	True	altruism.2014-05-13.json	1
http://techcrunch.com/2014/01/26/how-cryptocurrency-crowdfunding-and-a-little-internet-altruism-saved-the-olympics-for-jamaicas-bobsled/	True	altruism.2014-05-13.json	1
http://www.huffingtonpost.com/wray-herbert/extraordinary-altruism-wh_b_4659566.html?utm_hp_ref=gps-for-the-soul&ir=GPS+for+the+Soul	True	altruism.2014-05-13.json	1
http://www.huffingtonpost.com/wray-herbert/extraordinary-altruism-wh_b_4659566.html?utm_hp_ref=good-news&ir=Good+News	True	altruism.2014-05-13.json	1
http://www.huffingtonpost.com/wray-herbert/extraordinary-altruism-wh_b_4659566.html?utm_hp_ref=healthy-living&ir=Healthy+Living	True	altruism.2014-05-13.json	1
http://news.health.com/2014/04/29/altruism-may-help-shield-teens-from-depression-study/		altruism.2014-05-13.json	0
http://consumer.healthday.com/kids-health-information-23/adolescents-and-teen-health-news-719/briefs-emb-4-24-teens-altruism-depression-pnas-u-illinois-release-batch-1158-687211.html		altruism.2014-05-13.json	0
http://www.popmatters.com/review/180862-a-minor-forest-flemish-altruism-and-inindependence/	False	altruism.2014-05-13.json	0
http://www.goupstate.com/article/20140421/ARTICLES/140429966/1051/NEWS01?Title=Community-remembers-the-Holocaust-at-Year-of-Altruism-Memorial-Convocation-	True	altruism.2014-05-13.json	0
http://www.greenvilleonline.com/story/news/local/2014/04/18/discussion-will-focus-altruism-medicine/7878969/?from=global&sessionKey=&autologin=	True	altruism.2014-05-13.json	0
http://www.linkedin.com/today/post/article/20140414034418-36792-grow-your-business-with-disruptive-altruism	True	altruism.2014-05-13.json	0
http://www.huffingtonpost.com/dana-beyer/passover-idle-gossip-and-competitive-altruism_b_5126258.html	False	altruism.2014-05-13.json	0
http://www.huffingtonpost.com/dana-beyer/passover-idle-gossip-and-competitive-altruism_b_5126258.html?utm_hp_ref=religion&ir=Religion	False	altruism.2014-05-13.json	0
http://www.randomhouse.ca/hazlitt/blog/why-we-prefer-shameless-selfishness-tainted-altruism	True	altruism.2014-05-13.json	0
http://blog.practicalethics.ox.ac.uk/2014/04/call-for-registration-good-done-right-a-conference-on-effective-altruism/	True	altruism.2014-05-13.json	0
http://pjmedia.com/lifestyle/2014/04/08/altruism-in-religions-free-market/	True	altruism.2014-05-13.json	0
http://pjmedia.com/lifestyle/2014/04/06/altruism-has-no-place-in-christianity/	True	altruism.2014-05-13.json	0
http://www.theguardian.com/uk-news/2014/mar/31/ed-vaizey-altruism-not-enough-achieve-diversity	False	altruism.2014-05-13.json	0
http://www.chicagotribune.com/news/local/ct-real-life-superheroes-met-20140118,0,7795437.story	True	altruism.2014-05-13.json	1
http://www.brenhambanner.com/news/altruism-for-the-win/image_f79e5eda-7e1d-11e3-a86d-001a4bcf887a.html	False	altruism.2014-05-13.json	1
http://www.science20.com/news_articles/tainted_altruism_are_charitable_acts_have_personal_gain_less_moral-127481	True	altruism.2014-05-13.json	1
http://missionlocal.org/2013/12/can-altruism-and-an-app-improve-muni/	True	altruism.2014-05-13.json	1
http://www.huffingtonpost.com/deepak-chopra/altruism_b_4414018.html?utm_hp_ref=healthy-living&ir=Healthy+Living	True	altruism.2014-05-13.json	1
http://phys.org/news/2013-12-altruism-reciprocity-online-transactions.html	True	altruism.2014-05-13.json	1
http://articlebro.com/2013/business/perfect-altruism-with-designer-umbrellas-and-mugs/	False	altruism.2014-05-13.json	1
http://techland.time.com/2013/12/02/altruism-in-the-digital-age/?utm_source=feedburner&utm_medium=feed&utm_campaign=Feed%3A+timeblogs%2Fnerd_world+%28TIME%3A+Techland%29	True	altruism.2014-05-13.json	1
http://www.prweb.com/releases/2013/11/prweb11346173.htm	True	altruism.2014-05-13.json	1
http://www.thehindu.com/opinion/op-ed/altruism-and-the-many-shades-of-grey/article5322493.ece	True	altruism.2014-05-13.json	1
http://www.psmag.com/blogs/news-blog/tv-movies-can-inspire-altruism-68986/	True	altruism.2014-05-13.json	1
http://www.dailyfinance.com/2013/10/24/will-googles-altruism-hurt-akamai/		altruism.2014-05-13.json	1
http://www.asiabulletin.com/index.php/sid/217759918/scat/303b19022816233b	True	altruism.2014-05-13.json	1
http://www.examiner.com/article/buddha-smiles-school-altruism-action-meet-rajan-kaur-saini?cid=rss	True	altruism.2014-05-13.json	1
http://www.huffingtonpost.com/2013/09/28/matthieu-ricard-advocacy-for-altruism-book_n_4003690.html?utm_hp_ref=books&ir=Books	True	altruism.2014-05-13.json	1
http://www.huffingtonpost.com/2013/09/28/matthieu-ricard-advocacy-for-altruism-book_n_4003690.html	True	altruism.2014-05-13.json	1
http://online.wsj.com/article/SB10001424052702304213904579093173306431860.html?mod=WSJ_GoogleNews		altruism.2014-05-13.json	1
http://www.scoop.co.nz/stories/wo1309/s00407/dr-congo-president-calls-for-altruism-for-sustainability.htm	True	altruism.2014-05-13.json	1
http://www.un.org/apps/news/story.asp?newsid=46007&cr=general+debate&cr1=	True	altruism.2014-05-13.json	1
http://www.theaustralian.com.au/news/world/random-acts-of-kindness-could-pep-up-your-sex-life/story-fnb64oi6-1226722610485?utm_source=feedburner&utm_medium=feed&utm_campaign=feed%3a+theaustraliantheworld+%28the+australian+%7c+the+world+news%29		altruism.2014-05-13.json	1
http://www.standard.net/stories/2013/08/30/reader-s-letter-lamenting-loss-free-service-results-act-altruism	True	altruism.2014-05-13.json	1
http://www.upi.com/health_news/2013/08/28/altruism-is-part-of-a-healthy-psychological-reward-system/upi-53971377741477/	True	altruism.2014-05-13.json	1
http://www.business-standard.com/article/pti-stories/altruism-may-have-its-origin-in-manipulation-study-113082000690_1.html	True	altruism.2014-05-13.json	1
http://phys.org/news/2013-08-altruism.html	True	altruism.2014-05-13.json	1
http://www.geekosystem.com/human-primate-altruism/	True	altruism.2014-05-13.json	1
http://qz.com/103166/how-redditgifts-is-monetizing-altruism/		altruism.2014-05-13.json	1
http://www.theepochtimes.com/n3/550342-help-you-love-to/	True	altruism.2014-05-13.json	0
http://www2.macleans.ca/2014/02/26/why-feed-the-deed-is-morally-suspect/	False	altruism.2014-05-13.json	0
http://www.thestarphoenix.com/business/Altruism+pays+back+angel+investor/9493065/story.html	False	altruism.2014-05-13.json	0
http://www.canberratimes.com.au/national/people-smuggler-motivated-by-altruism-not-greed-court-told-20140131-31sa5.html	True	altruism.2014-05-13.json	0
http://www.winnipegfreepress.com/breakingnews/Rats-display-empathy-altruism-242296211.html	True	altruism.2014-05-13.json	0
http://online.wsj.com/article/sb10001424127887324688404578545523824389986.html?mod=rss_best_of_the_web_today		altruism.2014-05-13.json	1
http://online.wsj.com/article/sb10001424127887324688404578545523824389986.html?mod=rss_opinion_main		altruism.2014-05-13.json	1
http://www.washingtonpost.com/opinions/the-business-of-altruism/2013/06/28/f039cd72-debe-11e2-b2d4-ea6d8f477a01_story.html?wprss=rss_opinions	True	altruism.2014-05-13.json	1
http://www.ft.com/cms/s/e6d0aa5a-1cfc-11e2-a17f-00144feabdc0,Authorised=false.html?_i_location=http%3A%2F%2Fwww.ft.com%2Fcms%2Fs%2F0%2Fe6d0aa5a-1cfc-11e2-a17f-00144feabdc0.html&_i_referer=		altruism.2014-05-13.json	1
http://www.spokesman.com/blogs/hbo/2014/apr/30/idaho-gives-preps-charity-event/		charity.2014-05-13.part0.json	1
http://www.queerty.com/meet-the-hot-naked-broadway-dancers-stripping-down-for-charity-this-summer-20140430/?utm_source=feedburner&utm_medium=feed&utm_campaign=Feed%3A+queerty2+%28Queerty%29		charity.2014-05-13.part0.json	1
http://pagesix.com/2014/04/30/isaac-mizrahi-puts-polka-dot-suit-for-sale-at-good-shepherd-event/		charity.2014-05-13.part0.json	1
http://www.yorkshirepost.co.uk/yorkshire-living/health-family/heart-charity-needs-your-help-1-6587985	True	charity.2014-05-13.part0.json	1
http://www.manchestereveningnews.co.uk/news/local-news/first-british-superstar-sir-cliff-7051582		charity.2014-05-13.part0.json	1
http://www.tylerpaper.com/TP-News+Local/199035/firemen-police-to-play-charity-basketball-game-on-donkeys		charity.2014-05-13.part0.json	1
http://www.wptv.com/news/region-c-palm-beach-county/loxahatchee-acreage/local-charity-has-tie-to-derby-competitor		charity.2014-05-13.part0.json	1
http://www.southwales-eveningpost.co.uk/Marathon-hike-boost-charity/story-21027655-detail/story.html		charity.2014-05-13.part0.json	1
http://www.channelnewsasia.com/news/singapore/run-for-life-charity-race/1089646.html		charity.2014-05-13.part0.json	1
http://www.thirdsector.co.uk/Finance/article/1292080/charity-tax-relief-initiative-little-use-sector-experts-say/	True	charity.2014-05-13.part0.json	1
http://www.coventrytelegraph.net/news/health/coventry-kids-cancer-charity-reaches-7040664	True	charity.2014-05-13.part0.json	1
http://www.breakingnews.ie/ireland/charity-urges-govt-to-publish-report-on-water-affordability-629041.html		charity.2014-05-13.part0.json	1
http://news.yahoo.com/botched-oklahoma-execution-shakes-even-death-penalty-supporters-221856547.html		generic.2014-05-13.json	1
http://news.yahoo.com/art-world-scion-gets-one-prison-term-illegal-234503271.html		generic.2014-05-13.json	1
http://www.sbs.com.au/news/article/2014/05/01/atletico-bathe-glory-real-await-final	False	generic.2014-05-13.json	1
http://www.sbs.com.au/news/article/2014/05/01/mourinho-rues-crucial-minute-after-semi-final-defeat	False	generic.2014-05-13.json	1
http://www.slashgear.com/ps4-and-ps-vita-dozen-indie-games-inbound-30327169/	False	generic.2014-05-13.json	1
http://www.wdsu.com/news/local-news/new-orleans/bicyclist-attack-in-bywater-puts-community-leaders-on-edge/25745538	False	generic.2014-05-13.json	1
http://www.theprovince.com/news/canada/Canada+income+between+earners+rest+fastest+growing+developed/9793196/story.html		generic.2014-05-13.json	1
http://www.usatoday.com/story/opinion/2014/04/30/airfares-taxes-fees-transparent-airlines-editorials-debates/8537659/	False	generic.2014-05-13.json	1
http://www.towleroad.com/2014/04/documentary-explores-the-question-do-i-sound-gay-video.html		generic.2014-05-13.json	1
http://www.towleroad.com/2014/04/will-new-hampshire-become-the-first-state-to-constitutionally-protect-gays.html		generic.2014-05-13.json	1
http://marquee.blogs.cnn.com/2014/04/30/third-sharnkado-brewing-and-more-news-to-note/	False	generic.2014-05-13.json	1
http://www.express.co.uk/news/showbiz/473332/Bob-Hoskins-1942-2014-Goodbye-to-a-diamond-geezer?utm_source=feedburner&utm_medium=feed&utm_campaign=Feed%3A+daily-express-news-showbiz+%28Daily+Express+%3A%3A+News+%2F+Showbiz+Feed%29	False	generic.2014-05-13.json	1
http://www.examiner.com/article/fox-cancels-sci-fi-series-almost-human	False	generic.2014-05-13.json	1
http://www.punemirror.in/others/scitech/Remote-controlled-computing/articleshow/34436556.cms	False	generic.2014-05-13.json	1
http://www.calgaryherald.com/opinion/editorials/Editorial+Brian+Mason+shone+leader+struggling+Alberta/9793084/story.html	False	generic.2014-05-13.json	1
http://www.nytimes.com/glogin?URI=http%3A%2F%2Fwww.nytimes.com%2F2014%2F05%2F01%2Fus%2Fveterans-agency-is-sued-over-handling-of-trauma-cases.html%3Fpartner%3Drss%26emc%3Drss%26_r%3D1		generic.2014-05-13.json	1
http://www.calgaryherald.com/opinion/editorials/Editorial+Going+wild+over/9793066/story.html	False	generic.2014-05-13.json	1
http://www.calgaryherald.com/opinion/columnists/Nelson+pharmacists+Hand+over+Miles/9793065/story.html	False	generic.2014-05-13.json	1
http://www.calgaryherald.com/opinion/columnists/Parker+Speaking+your+mind+cracked/9793059/story.html	False	generic.2014-05-13.json	1
http://www.sfgate.com/business/article/Twitter-shares-plunge-on-weak-expectations-5443026.php	False	generic.2014-05-13.json	1
http://www.thestate.com/2014/04/30/3419256/beaufort-eyes-tax-hike-spending.html	False	generic.2014-05-13.json	1
http://www.news-record.com/blogs/hsxtra/article_ae580e9c-d0c0-11e3-b3a0-001a4bcf6878.html	False	generic.2014-05-13.json	1
http://www.independent.co.uk/arts-entertainment/books/reviews/hotel-florida-by-amanda-vaill-book-review-meticulous-spanish-civil-war-account-lacks-firepower-9308402.html	False	generic.2014-05-13.json	1
http://www.freep.com/article/20140430/NEWS01/304300135/2-dead-shot-in-head-Detroit-west-side		generic.2014-05-13.json	1
http://www.ottawacitizen.com/life/Ottawa+honoured+Little+League+baseball/9792834/story.html	False	generic.2014-05-13.json	1
http://www.ottawacitizen.com/entertainment/movie-guide/Canadian+Father+film+iconic+Algonquin+Park/9792751/story.html	False	generic.2014-05-13.json	1
http://www.examiner.com/article/2014-garden-project-make-a-raised-bed-salsa-garden?cid=rss	False	generic.2014-05-13.json	1
http://www.adweek.com/news/technology/mark-zuckerberg-gets-reflective-he-nears-30-157394	False	generic.2014-05-13.json	1
http://www.ryot.org/egypts-judges-dont-give-a-f-k-what-you-think-about-their-mass-death-sentencing/663613		generic.2014-05-13.json	1
http://www.asianage.com/life-and-style/handbags-big-bucks-latest-global-auction-craze-502	False	generic.2014-05-13.json	1
http://www.theprovince.com/news/vancouver/Elected+officials+join+public+protest+against+Metro/9792981/story.html		generic.2014-05-13.json	1
http://jezebel.com/nancy-grace-is-selling-handcuff-jewelry-to-benefit-ab-1569984964?utm_source=feedburner&utm_medium=feed&utm_campaign=Feed%3A+jezebel%2Ffull+%28Jezebel%29		generic.2014-05-13.json	1
http://jezebel.com/every-character-in-mean-girls-ranked-1570006922?utm_source=feedburner&utm_medium=feed&utm_campaign=Feed%3A+jezebel%2Ffull+%28Jezebel%29	False	generic.2014-05-13.json	1
http://www.journalnow.com/business/b-e-top-executive-receives-percent-increase-in-total-compensation/article_36665bda-d0c2-11e3-898d-0017a43b2370.html	False	generic.2014-05-13.json	1
http://jezebel.com/paula-deen-announces-nationwide-butter-soaked-tour-1570009033?utm_source=feedburner&utm_medium=feed&utm_campaign=Feed%3A+jezebel%2Ffull+%28Jezebel%29	False	generic.2014-05-13.json	1
http://www.freep.com/article/20140430/BLOG24/140430004/1138/blog	False	generic.2014-05-13.json	1
http://www.news-journalonline.com/article/20140430/NEWS/140439942?Title=Ormond-Beach-to-start-1st-community-garden	False	generic.2014-05-13.json	1
http://www.masslive.com/news/index.ssf/2014/04/a_small_gift_helps_after_a_car.html		generic.2014-05-13.json	1
http://www.ft.com/cms/s/b5c71cec-cb05-11e3-ba9d-00144feabdc0,Authorised=false.html?_i_location=http%3A%2F%2Fwww.ft.com%2Fcms%2Fs%2F0%2Fb5c71cec-cb05-11e3-ba9d-00144feabdc0.html%3Fsiteedition%3Duk&siteedition=uk&_i_referer=		generic.2014-05-13.json	1
http://jezebel.com/how-well-do-you-know-your-celebrity-engagement-rings-1570027652?utm_source=feedburner&utm_medium=feed&utm_campaign=Feed%3A+jezebel%2Ffull+%28Jezebel%29	False	generic.2014-05-13.json	1
http://www.stockhouse.com/news/press-releases/2014/04/30/mountain-china-resorts-reports-2013-financial-and-operational-results	False	generic.2014-05-13.json	1
http://www.businessinsider.com/r-senators-criticize-tsa-on-ability-to-keep-travelers-safe-2014-30	False	generic.2014-05-13.json	1
http://www.examiner.com/article/ruchti-pens-heartwrenching-tale-about-finding-the-place-you-belong?cid=rss	False	generic.2014-05-13.json	1
http://www.ramonasentinel.com/2014/04/30/ramona-community-school-earns-distinguished-school-designation/		generic.2014-05-13.json	1
http://www.theprovince.com/entertainment/television/Shark+Tank+tycoons+aren+blood/9792937/story.html		generic.2014-05-13.json	1
http://www.edmontonjournal.com/entertainment/television/Shark+Tank+tycoons+aren+blood/9792937/story.html	False	generic.2014-05-13.json	1
http://www.niutoday.info/2014/04/30/martin-to-winnetka-student-services-post/	False	generic.2014-05-13.json	1
http://www.ft.com/cms/s/1a314c82-ce5f-11e3-9dfd-00144feabdc0,Authorised=false.html?_i_location=http%3A%2F%2Fwww.ft.com%2Fcms%2Fs%2F0%2F1a314c82-ce5f-11e3-9dfd-00144feabdc0.html%3Fftcamp%3Dpublished_links%252Frss%252Fmanagement_recruitment%252Ffeed%252F%252Fproduct%26siteedition%3Duk&siteedition=uk&ftcamp=published_links%2Frss%2Fmanagement_recruitment%2Ffeed%2F%2Fproduct&_i_referer=		generic.2014-05-13.json	1
http://video.foxnews.com/v/3525714895001/special-report-online-43014/?utm_source=feedburner&utm_medium=feed&utm_campaign=Feed%3A+foxnews%2Fvideo+%28Internal+-+Video+-+Latest%29		generic.2014-05-13.json	1
http://www.theday.com/article/20140430/NWS01/140439964/-1/nws		generic.2014-05-13.json	1
http://blogs.wsj.com/washwire/2014/04/30/obama-alum-red-state-democratic-senators-still-in-position-to-win/?mod=WSJBlog		generic.2014-05-13.json	1
http://variety.com/2014/biz/news/oprah-basketball-mogul-winfrey-joins-geffen-ellison-in-bid-for-clippers-1201168079/	False	generic.2014-05-13.json	1
http://variety.com/2014/digital/news/wwe-network-added-to-xbox-one-in-time-for-pay-per-view-1201168276/	False	generic.2014-05-13.json	1
http://www.nytimes.com/glogin?URI=http%3A%2F%2Fwww.nytimes.com%2F2014%2F05%2F01%2Fgarden%2Fwhose-glass-is-whose-now-no-excuses.html%3Fpartner%3Drss%26emc%3Drss%26_r%3D1	False	generic.2014-05-13.json	1
http://rationalaltruist.com/2013/01/27/ethical-questions/	True	effective-altruism.2014-06-21.json	1
http://www.80000hours.org/pages/rules-of-thumb	True	effective-altruism.2014-06-21.json	1
http://www.80000hours.org/pages/high-impact-careers		effective-altruism.2014-06-21.json	1
http://rationalaltruist.com/2013/01/22/replaceability/	True	effective-altruism.2014-06-21.json	1
http://www.80000hours.org/pages/innovation		effective-altruism.2014-06-21.json	1
http://rationalaltruist.com/2013/02/22/four-flavors-of-time-discounting-i-endorse-and-one-i-do-not/	True	effective-altruism.2014-06-21.json	1
http://rationalaltruist.com/2013/01/27/breakdown-of-progress/		effective-altruism.2014-06-21.json	1
http://www.80000hours.org/pages/type-of-career-interested-in	True	effective-altruism.2014-06-21.json	1
http://www.80000hours.org/pages/scientific-research		effective-altruism.2014-06-21.json	1
http://www.80000hours.org/pages/choosing-what-to-study		effective-altruism.2014-06-21.json	1
http://www.80000hours.org/pages/animal-welfare	True	effective-altruism.2014-06-21.json	1
http://www.80000hours.org/pages/projects	True	effective-altruism.2014-06-21.json	1
http://www.80000hours.org/pages/join	True	effective-altruism.2014-06-21.json	1
http://www.80000hours.org/pages/our-members		effective-altruism.2014-06-21.json	1
http://www.80000hours.org/pages/our-mission-and-history	True	effective-altruism.2014-06-21.json	1
http://rationalaltruist.com/2013/05/10/what-is-the-return-on-giving/	True	effective-altruism.2014-06-21.json	1
http://rationalaltruist.com/2013/04/28/estimates-vs-head-to-head-comparisons/	True	effective-altruism.2014-06-21.json	1
http://rationalaltruist.com/2013/04/30/astronomical-waste/		effective-altruism.2014-06-21.json	1
http://rationalaltruist.com/2013/06/03/my-outlook/	True	effective-altruism.2014-06-21.json	1
http://www.80000hours.org/pages/career-strategy		effective-altruism.2014-06-21.json	1
http://www.80000hours.org/pages/criteria	True	effective-altruism.2014-06-21.json	1
http://www.80000hours.org/pages/career-capital	True	effective-altruism.2014-06-21.json	1
http://www.80000hours.org/pages/career-profiles		effective-altruism.2014-06-21.json	1
http://www.80000hours.org/pages/how-to-be-successful	True	effective-altruism.2014-06-21.json	1
http://www.80000hours.org/pages/how-to-choose	True	effective-altruism.2014-06-21.json	1
http://www.80000hours.org/pages/getting-started-old	True	effective-altruism.2014-06-21.json	1
http://rationalaltruist.com/2013/06/13/against-moral-advocacy/		effective-altruism.2014-06-21.json	1
http://www.80000hours.org/pages/career-resources		effective-altruism.2014-06-21.json	1
http://rationalaltruist.com/2013/07/11/altruism-and-profit/	True	effective-altruism.2014-06-21.json	1
http://www.80000hours.org/pages/new-videos-page-test		effective-altruism.2014-06-21.json	1
http://www.80000hours.org/pages/which-careers-make-the-most-difference		effective-altruism.2014-06-21.json	1
http://www.80000hours.org/pages/cost-effectiveness-research-and-prioritisation	True	effective-altruism.2014-06-21.json	1
http://www.80000hours.org/pages/what-is-an-effective-altruist	True	effective-altruism.2014-06-21.json	1
http://www.80000hours.org/pages/cause-effectiveness		effective-altruism.2014-06-21.json	1
http://www.80000hours.org/pages/coaching	True	effective-altruism.2014-06-21.json	1
http://rationalaltruist.com/2013/05/08/beware-brittle-arguments/	True	effective-altruism.2014-06-21.json	1
http://www.80000hours.org/pages/faq	True	effective-altruism.2014-06-21.json	1
http://www.80000hours.org/pages/research-advice		effective-altruism.2014-06-21.json	1
http://www.80000hours.org/pages/research-overview		effective-altruism.2014-06-21.json	1
http://rationalaltruist.com/2013/05/02/economics-of-small-changes/		effective-altruism.2014-06-21.json	1
http://www.80000hours.org/pages/oxford	True	effective-altruism.2014-06-21.json	1
http://a-nice-place-to-live.blogspot.com/2013/11/effectiveness-case-study-odyssey.html	True	effective-altruism.2014-06-21.json	1
http://a-nice-place-to-live.blogspot.com/2013/11/new-global-activism.html	True	effective-altruism.2014-06-21.json	1
http://a-nice-place-to-live.blogspot.com/2013/11/effectiveness-case-study-avatar.html	True	effective-altruism.2014-06-21.json	1
http://a-nice-place-to-live.blogspot.com/2013/11/ultimate-debate-club.html	True	effective-altruism.2014-06-21.json	1
http://a-nice-place-to-live.blogspot.com/2013/11/searching-for-bad-choice-architecture.html		effective-altruism.2014-06-21.json	1
http://www.80000hours.org/blog/39-where-are-the-women/ratings		effective-altruism.2014-06-21.json	1
http://a-nice-place-to-live.blogspot.com/2013/11/daniel-gilberts-stumbling-on-happiness.html		effective-altruism.2014-06-21.json	1
http://www.80000hours.org/blog/276-careers-advice-from-top-tech-entrepreneur-marc-andreessen		effective-altruism.2014-06-21.json	1
http://www.80000hours.org/pages/legal		effective-altruism.2014-06-21.json	1
http://a-nice-place-to-live.blogspot.com/2013/11/effectiveness-case-study-idle-no-more.html	True	effective-altruism.2014-06-21.json	1
http://a-nice-place-to-live.blogspot.com/2013/11/effectiveness-case-study-primavera.html	True	effective-altruism.2014-06-21.json	1
http://a-nice-place-to-live.blogspot.com/2013/11/chomsky-on-existential-risks.html	True	effective-altruism.2014-06-21.json	1
http://a-nice-place-to-live.blogspot.com/2013/11/wasting-less-time.html	True	effective-altruism.2014-06-21.json	1
http://a-nice-place-to-live.blogspot.com/2013/11/re-determining-media-effectiveness.html	True	effective-altruism.2014-06-21.json	1
http://www.80000hours.org/blog/276-careers-advice-from-top-tech-entrepreneur-marc-andreessen/ratings		effective-altruism.2014-06-21.json	1
http://www.80000hours.org/pages/media	True	effective-altruism.2014-06-21.json	1
http://www.80000hours.org/pages/promising-research-questions		effective-altruism.2014-06-21.json	1
http://www.80000hours.org/pages/malaria		effective-altruism.2014-06-21.json	1
http://a-nice-place-to-live.blogspot.com/2013/12/advertiser-control-over-content.html		effective-altruism.2014-06-21.json	1
http://a-nice-place-to-live.blogspot.com/2013/12/nature-and-spirituality-memes.html	True	effective-altruism.2014-06-21.json	1
http://a-nice-place-to-live.blogspot.com/2013/12/craning-to-secular-basis-for-morality.html		effective-altruism.2014-06-21.json	1
http://a-nice-place-to-live.blogspot.com/2013/12/critical-political-economy.html		effective-altruism.2014-06-21.json	1
http://a-nice-place-to-live.blogspot.com/2013/11/effectiveness-case-study-my-winnipeg.html		effective-altruism.2014-06-21.json	1
http://www.80000hours.org/coaching/overview		effective-altruism.2014-06-21.json	1
http://www.80000hours.org/blog/3-our-worst-subjects/ratings		effective-altruism.2014-06-21.json	1
http://www.80000hours.org/blog/5-high-impact-science	True	effective-altruism.2014-06-21.json	1
http://www.80000hours.org/blog/7-william-macaskill-of-80-000-hours-featured-on-the-today-programme/ratings		effective-altruism.2014-06-21.json	1
http://www.80000hours.org/blog/8-today-show/ratings		effective-altruism.2014-06-21.json	1
http://www.animalcharityevaluators.org/research/interventions/online-ads/comparing-effectiveness-of-videos-and-ads/data-analysis-of-the-humane-leaguefarm-sanctuary-videoad-comparison-study/		effective-altruism.2014-06-21.json	1
http://www.80000hours.org/blog/2-welcome-to-the-blog		effective-altruism.2014-06-21.json	1
http://www.80000hours.org/blog/10-delayed-gratification-choosing-when-to-donate/ratings		effective-altruism.2014-06-21.json	1
http://www.80000hours.org/blog/13-wikicharities-for-those-who-haven-t-seen-it/ratings		effective-altruism.2014-06-21.json	1
http://www.80000hours.org/blog/21-professional-philanthropy-vs-professional-influencing	True	effective-altruism.2014-06-21.json	1
http://www.80000hours.org/blog/24-5-ways-to-be-misled-by-salary-rankings/ratings		effective-altruism.2014-06-21.json	1
http://www.80000hours.org/blog/14-policy-careers	True	effective-altruism.2014-06-21.json	1
http://www.80000hours.org/blog/21-professional-philanthropy-vs-professional-influencing/ratings		effective-altruism.2014-06-21.json	1
http://www.80000hours.org/blog/26-software-engineering-britain-vs-silicon-valley	True	effective-altruism.2014-06-21.json	1
http://www.80000hours.org/blog/28-26th-of-september-petrov-day	True	effective-altruism.2014-06-21.json	1
http://www.80000hours.org/blog/31-what-is-an-effective-altruist	True	effective-altruism.2014-06-21.json	1
http://www.80000hours.org/blog/29-lots-of-website-updates-on-80-000-hours		effective-altruism.2014-06-21.json	1
http://www.80000hours.org/blog/35-the-replaceability-effect-working-in-unethical-industries-part-1	True	effective-altruism.2014-06-21.json	1
http://www.80000hours.org/blog/42-living-to-1000-an-interview-with-aubrey-de-grey	True	effective-altruism.2014-06-21.json	1
http://www.80000hours.org/blog/40-the-singularity-institute-is-seeking-remote-researchers-writing-skill-not-required		effective-altruism.2014-06-21.json	1
http://www.80000hours.org/blog/47-the-flat-margin-effect	True	effective-altruism.2014-06-21.json	1
http://www.80000hours.org/blog/49-on-triage/ratings		effective-altruism.2014-06-21.json	1
http://www.80000hours.org/blog/53-does-money-make-you-happy/ratings		effective-altruism.2014-06-21.json	1
http://www.80000hours.org/blog/56-why-do-people-love-charity-workers-pt-1	True	effective-altruism.2014-06-21.json	1
http://www.80000hours.org/blog/57-what-questions-do-you-have-about-making-a-difference		effective-altruism.2014-06-21.json	1
http://www.80000hours.org/blog/64-universalisability-immoral-industries-part-3	True	effective-altruism.2014-06-21.json	1
http://www.80000hours.org/blog/52-following-in-schindler-s-footsteps	True	effective-altruism.2014-06-21.json	1
http://www.80000hours.org/blog/54-the-high-impact-pa-how-anyone-can-bring-about-ground-breaking-research/ratings		effective-altruism.2014-06-21.json	1
http://www.80000hours.org/blog/59-the-wider-consequences-of-giving-away-money	True	effective-altruism.2014-06-21.json	1
http://www.80000hours.org/blog/62-don-t-do-what-you-re-passionate-about-part-1/ratings		effective-altruism.2014-06-21.json	1
http://www.80000hours.org/blog/64-universalisability-immoral-industries-part-3/ratings		effective-altruism.2014-06-21.json	1
http://www.80000hours.org/blog/67-what-is-going-on-at-80-000-hours		effective-altruism.2014-06-21.json	1
http://www.80000hours.org/blog/70-project-launch-effective-animal-activism	True	effective-altruism.2014-06-21.json	1
http://www.80000hours.org/blog/74-how-much-malaria-is-biodiversity-worth	True	effective-altruism.2014-06-21.json	1
http://www.80000hours.org/blog/75-should-we-sacrifice-doing-what-we-love-to-make-a-difference-part-1/ratings		effective-altruism.2014-06-21.json	1
http://www.80000hours.org/blog/73-is-there-such-thing-as-a-bad-charity/ratings		effective-altruism.2014-06-21.json	1
http://www.80000hours.org/blog/77-do-you-really-know-what-job-will-make-you-happy/ratings		effective-altruism.2014-06-21.json	1
http://www.80000hours.org/blog/89-why-attractive-people-are-dangerous	True	effective-altruism.2014-06-21.json	1
http://www.80000hours.org/blog/84-quantum-quest-pruning-procrastination	True	effective-altruism.2014-06-21.json	1
http://www.80000hours.org/blog/91-when-should-i-quantify-quantification-part-4/ratings		effective-altruism.2014-06-21.json	1
http://www.80000hours.org/blog/94-how-to-do-one-year-of-work-in-four-hours/ratings		effective-altruism.2014-06-21.json	1
http://www.80000hours.org/blog/101-how-many-lives-does-a-doctor-save-part-3-replacement--84	True	effective-altruism.2014-06-21.json	1
http://www.80000hours.org/blog/107-good-generals-let-their-soldiers-die-in-vain	True	effective-altruism.2014-06-21.json	1
http://www.80000hours.org/blog/110-how-to-be-a-high-impact-volunteer	True	effective-altruism.2014-06-21.json	1
http://www.80000hours.org/blog/95-how-much-is-a-volunteer-worth/ratings		effective-altruism.2014-06-21.json	1
http://www.80000hours.org/blog/103-how-to-do-important-research/ratings		effective-altruism.2014-06-21.json	1
http://www.80000hours.org/blog/111-sunk-costs-in-careers/ratings		effective-altruism.2014-06-21.json	1
http://www.80000hours.org/blog/113-find-the-gate/ratings		effective-altruism.2014-06-21.json	1
http://www.80000hours.org/blog/118-why-don-t-people-help-others-more-part-1	True	effective-altruism.2014-06-21.json	1
http://www.80000hours.org/blog/123-is-microcredit-mostly-hype	True	effective-altruism.2014-06-21.json	1
http://www.80000hours.org/blog/126-want-to-be-successful-know-your-odds	True	effective-altruism.2014-06-21.json	1
http://www.80000hours.org/blog/116-interview-with-brian-tomasik	True	effective-altruism.2014-06-21.json	1
http://www.80000hours.org/blog/124-do-you-think-you-re-better-than-average		effective-altruism.2014-06-21.json	1
http://www.80000hours.org/blog/130-3-ways-to-advance-science/ratings		effective-altruism.2014-06-21.json	1
http://www.80000hours.org/blog/135-the-power-of-effective-activism/ratings		effective-altruism.2014-06-21.json	1
http://www.itv.com/news/update/2014-05-01/child-deaths-disproportionately-high-among-poor/		generic.2014-05-13.json	1
http://www.nytimes.com/glogin?URI=http%3A%2F%2Fwww.nytimes.com%2F2014%2F05%2F01%2Fgarden%2Fthe-raw-and-the-cool.html%3Fpartner%3Drss%26emc%3Drss%26_r%3D1	False	generic.2014-05-13.json	1
http://blogs.wsj.com/washwire/2014/04/30/strategists-predict-close-races-in-midterm-elections/?mod=WSJBlog	False	generic.2014-05-13.json	1
http://www.finanznachrichten.de/nachrichten-2014-05/30146225-ion-reports-first-quarter-results-008.htm	False	generic.2014-05-13.json	1
http://www.philstar.com/world/2014/05/01/1318176/ex-no.-2-vatican-defends-spacious-apartment	False	generic.2014-05-13.json	1
http://www.finanznachrichten.de/nachrichten-2014-05/30146359-general-cable-posts-narrower-than-estimated-q1-loss-guides-q2-below-consensus-020.htm	False	generic.2014-05-13.json	1
http://www.wwltv.com/news/local/New-tech-make-knee-replacement-surgery-fit-perfectly-with-each-patient--257427131.html	False	generic.2014-05-13.json	1
http://www.laweekly.com/informer/2014/04/30/whos-donald-sterling-the-clippers-pull-off-a-big-win	False	generic.2014-05-13.json	1
https://bangordailynews.com/2014/04/30/news/aroostook/fire-engulfs-houlton-airport-building/	False	generic.2014-05-13.json	1
http://www.marketwired.com/press-release/wing-picks-up-awards-at-fiap-and-us-idea-awards-1905063.htm	False	generic.2014-05-13.json	1
http://www.itnewsonline.com/prnewswire/New-ProxyPulse-Reports-Increasing-Shareholder-Activism-Pressure-on-Corporate-Directors/322409	False	generic.2014-05-13.json	1
http://oilprice.com/Energy/Energy-General/North-Dakotas-Bakken-Still-Years-Away-From-Gas-Utilization.html	False	generic.2014-05-13.json	1
http://www.theregister.co.uk/2014/04/30/sony_nanotechnicians_invent_magnetic_tape_that_stores_148_gb_per_square_inch/	False	generic.2014-05-13.json	1
http://www.cnet.com/how-to/android-apps-that-prolong-and-extend-smartphone-battery-life/	False	generic.2014-05-13.json	1
http://www.miamiherald.com/2014/04/30/4090359/south-florida-outdoors-notebook.html	False	generic.2014-05-13.json	1
http://www.proactiveinvestors.com.au/companies/news/54632/nexus-minerals-trading-at-under-50-cash-backing-54632.html	False	generic.2014-05-13.json	1
http://www.washingtontimes.com/news/2014/apr/30/editorial-winning-the-stanley-cup/	False	generic.2014-05-13.json	1
http://www.npr.org/blogs/codeswitch/2014/04/30/308363814/the-army-reconsiders-its-opposition-to-cornrows-and-dreadlocks	False	generic.2014-05-13.json	1
http://www.examiner.com/article/nintendo-reveals-four-pronged-approach-to-e3-2014	False	generic.2014-05-13.json	1
http://linemakers.sportingnews.com/mlb/2014-04-30/mlb-odds-picks-vegas-lines-totals-royals-rangers-braves-dodgers-yordano-ventura	False	generic.2014-05-13.json	1
http://www.nola.com/zephyrs/index.ssf/2014/04/new_orleans_zephyrs_win_streak_6.html	False	generic.2014-05-13.json	1
http://www.oanow.com/news/business/article_e6da1b7e-d0c1-11e3-8843-0017a43b2370.html	False	generic.2014-05-13.json	1
http://www.brownpoliticalreview.org/2014/04/crimeas-cousin-kosovo/	False	generic.2014-05-13.json	1
http://www.castanet.net/edition/news-story-114188-33-.htm	False	generic.2014-05-13.json	1
http://online.wsj.com/news/articles/SB10001424052702304888404579381151655446992?mod=WSJ_GoogleNews&mg=reno64-wsj&url=http%3A%2F%2Fonline.wsj.com%2Farticle%2FSB10001424052702304888404579381151655446992.html%3Fmod%3DWSJ_GoogleNews	False	generic.2014-05-13.json	1
http://www.edmontonsun.com/2014/04/30/lawyer-for-omar-khadr-want-to-get-him-out-of-the-grasps-of-prime-minister	False	generic.2014-05-13.json	1
http://www.4-traders.com/news/Findings-in-Bioenergy-Reported-from-S-Dutta-and-Co-Researchers--18359368/		generic.2014-05-13.json	1
http://video.uk.msn.com/watch/video/northern-ireland-police-question-gerry-adams-over-1972-murder/2mk1kp6z?from=	False	generic.2014-05-13.json	1
http://www.huffingtonpost.com/nikki-luongo/is-there-life-beyond-the-iphone_b_5237515.html?utm_hp_ref=technology&ir=Technology	False	generic.2014-05-13.json	1
http://www.examiner.com/article/anonymous-street-photographer-vivian-maier-found-this-week-at-the-guild?cid=rss		generic.2014-05-13.json	1
http://www.ft.com/cms/s/704f1988-d0b1-11e3-8b90-00144feabdc0,Authorised=false.html?_i_location=http%3A%2F%2Fwww.ft.com%2Fcms%2Fs%2F0%2F704f1988-d0b1-11e3-8b90-00144feabdc0.html%3Fftcamp%3Dpublished_links%252Frss%252Fhome_india%252Ffeed%252F%252Fproduct%26siteedition%3Duk&siteedition=uk&ftcamp=published_links%2Frss%2Fhome_india%2Ffeed%2F%2Fproduct&_i_referer=	False	generic.2014-05-13.json	1
http://www.post-gazette.com/news/nation/2014/05/01/Fla-Ala-flooding-adds-to-misery-in-South/stories/201405010249		generic.2014-05-13.json	1
http://www.4-traders.com/news/New-Findings-Reported-from-Islamic-Azad-University-Describe-Advances-in-Fullerenes--18359369/	False	generic.2014-05-13.json	1
http://www.dailymail.co.uk/tvshowbiz/article-2617372/Jessica-Hart-skips-street-New-York-fashion-shoot-vintage-subway-car.html	False	generic.2014-05-13.json	1
http://www.post-gazette.com/sports/penguins/2014/05/01/Penguins-backups-scratches-stay-prepared/stories/201405010194	False	generic.2014-05-13.json	1
http://www.kxii.com/news/headlines/Reward-offered-for-information-on-who-vandalized-historic-Bonham-cemetery-257427651.html	False	generic.2014-05-13.json	1
http://chippewa.com/news/local/land-trust-hike-scheduled-for-saturday/article_a1aa09f0-29bd-5628-954f-80ebe0de55ea.html	False	generic.2014-05-13.json	1
http://www.gadsdentimes.com/article/20140430/APN/304309654	False	generic.2014-05-13.json	1
http://www.washingtontimes.com/news/2014/apr/30/white-sox-fall-short-in-5-1-loss-to-tigers/?utm_source=RSS_Feed&utm_medium=RSS	False	generic.2014-05-13.json	1
http://doylestown.patch.com/groups/arts-and-entertainment/p/town-and-country-players-seek-publics-help-in-kickstarter-campaign	False	generic.2014-05-13.json	1
http://abc10up.com/iron-ore-heritage-trail-will-expand-this-year/	False	generic.2014-05-13.json	1
http://www.wlns.com/story/25396453/initiative-program-proves-helpful-for-dui-offenders		generic.2014-05-13.json	1
http://www.usmagazine.com/celebrity-news/news/gwen-stefani-christina-aguilera-pregnancy-talks-voice-2014304	False	generic.2014-05-13.json	1
http://www.highlandnews.net/news/crime_and_fire/article_d8da4a26-d0c1-11e3-aefe-0019bb2963f4.html	False	generic.2014-05-13.json	1
http://www.rollcall.com/news/nasa_space_exploration_architect_we_need_to_learn_how_to_land_a_house_for-232590-1.html?pos=oplyh		generic.2014-05-13.json	1
http://www.chron.com/sports/golf/article/Woods-firm-to-design-course-north-of-Houston-5443374.php	False	generic.2014-05-13.json	1
http://www.2dopeboyz.com/2014/04/30/your-old-droog-nutty-bars/?utm_source=feedburner&utm_medium=feed&utm_campaign=Feed%3A+2dopeboyz+%282dopeboyz%29	False	generic.2014-05-13.json	1
http://www.arizonawildcats.com/ViewArticle.dbml?DB_OEM_ID=30700&ATCLID=209485392	False	generic.2014-05-13.json	1
http://www.goulburnpost.com.au/story/2252441/goulburn-remembers-neville-wran/?cs=181		generic.2014-05-13.json	1
http://www.elkharttruth.com/news/politics/Elections/2014/04/30/In-person-absentee-voting-offered-through-May-5.html	False	generic.2014-05-13.json	1
http://www.edmontonjournal.com/news/edmonton/Edmonton+bumping+against+civic+debt+limit+report+says/9793561/story.html	False	generic.2014-05-13.json	1
http://www.marketwatch.com/story/mountain-china-resorts-reports-2013-financial-and-operational-results-2014-04-30-191735454?reflink=MW_news_stmp	False	generic.2014-05-13.json	1
http://insidemovies.ew.com/2014/04/30/casting-net-janney-baccarin-lowe/	False	generic.2014-05-13.json	1
http://www.jambands.com/news/2014/04/30/lockn-festival-confirms-only-furthur-set-of-2014	False	generic.2014-05-13.json	1
http://www.cbc.ca/news/canada/manitoba/should-we-have-the-right-to-die-1.2627541		generic.2014-05-13.json	1
http://www.mydailyregister.com/news/home_top/3634532/Gas-and-steam-engine-show-returns-to-farm-museum	False	generic.2014-05-13.json	1
http://www.billboard.com/biz/articles/news/digital-and-mobile/6070388/pharrell-williams-launches-sprints-htc-m8-phone-with	False	generic.2014-05-13.json	1
http://www.amny.com/sports/hawks-can-join-small-club-of-nba-s-successful-no-8-seeds-1.7879068	False	generic.2014-05-13.json	1
http://www.prweb.com/releases/2014/05/prweb11809531.htm	False	generic.2014-05-13.json	1
http://www.kmov.com/news/local/-Informant-who-brought-down-corrupt-local-officials-discusses-troubled-past-257426701.html		generic.2014-05-13.json	1
http://www.examiner.com/article/san-domenico-palace-hotel-sicilian-historical-elegance?cid=rss	False	generic.2014-05-13.json	1
http://www.washingtonpost.com/local/education/georgetown-and-other-colleges-woo-admitted-students-hoping-to-seal-the-deal/2014/04/30/97aeb1a6-d06f-11e3-a6b1-45c4dffb85a6_story.html	False	generic.2014-05-13.json	1
http://www.4-traders.com/news/Investigators-at-Genentech-Inc-Report-Findings-in-Monoclonal-Antibodies--18359371/	False	generic.2014-05-13.json	1
http://www.wiscnews.com/portagedailyregister/print_only/northern-properties/records/article_4cc66531-a9e3-5030-b68f-f80637149319.html	False	generic.2014-05-13.json	1
http://www.royalcaribbeanblog.com/2014/04/30/royal-caribbean-chooses-agilysys-ingogenesis-point-of-sale-system-quantum-class-ships	False	generic.2014-05-13.json	1
http://www.dailymail.co.uk/femail/article-2616945/She-owes-liver-Matt-Lauer-reveals-took-shots-Today-host-Savannah-Sochi-Olympics-help-conceal-pregnancy.html	False	generic.2014-05-13.json	1
http://www.buckscountycouriertimes.com/news/local/anonymous-website-criticizes-state-house-candidate/article_7de9c84d-70d8-5866-b16a-72efd3307711.html	False	generic.2014-05-13.json	1
http://nfl.si.com/2014/04/30/atlanta-falcons-looking-to-trade-down-in-2014-nfl-draft/	False	generic.2014-05-13.json	1
http://www.nytimes.com/glogin?URI=http%3A%2F%2Fwww.nytimes.com%2F2014%2F05%2F01%2Fus%2Fohio-suit-seeks-to-overturn-gay-marriage-ban.html%3Fpartner%3Drss%26emc%3Drss%26_r%3D1		generic.2014-05-13.json	1
http://www.sfexaminer.com/sanfrancisco/how-weird-street-faire-ready-to-blast-off-again/Content?oid=2785731	False	generic.2014-05-13.json	1
http://www.oregonlive.com/mapes/index.ssf/2014/04/monica_wehby_turns_down_only_l.html	False	generic.2014-05-13.json	1
http://www.kotaku.com.au/2014/05/behind-the-scenes-of-the-ultimate-gaming-porridge-prank/	False	generic.2014-05-13.json	1
http://newyork.cbslocal.com/2014/04/30/advocates-new-york-city-municipal-id-card-would-benefit-many/	True	generic.2014-05-13.json	1
http://www.gadsdentimes.com/article/20140430/ENT/140439996?Title=-Party-to-benefit-Pitman	False	generic.2014-05-13.json	1
http://www.nola.com/community/st-tammany/index.ssf/2014/04/bone_marrow_blood_drive_may_6.html	True	generic.2014-05-13.json	1
http://www.edmontonjournal.com/entertainment/celebrity/Doctors+ground+Miley+Cyrus+Singer+postpones/9793383/story.html	False	generic.2014-05-13.json	1
http://www.panews.com/sports/x493484331/Chester-Moore-column-Sabine-Lake-getting-artificial-reef		generic.2014-05-13.json	1
http://triblive.com/sports/nhl/6037687-74/jagr-devils-leading	False	generic.2014-05-13.json	1
http://www.oaoa.com/news/us_news/article_90eb4c2d-7c68-5a86-858f-7fd916f1161c.html	False	generic.2014-05-13.json	1
http://www.4-traders.com/news/Researchers-at-University-of-Ulsan-Release-New-Data-on-Clinical-Trials-and-Studies--18359373/		generic.2014-05-13.json	1
http://www.sys-con.com/node/3077679	False	generic.2014-05-13.json	1
http://www.businessinsider.com/sprint-to-buy-t-mobile-2014-4	False	generic.2014-05-13.json	1
http://www.elkharttruth.com/hometown/elkhart/2014/04/30/Jeannette-Walls-will-speak-to-Elkhart-residents-about-mental-health.html		generic.2014-05-13.json	1
http://www.sys-con.com/node/3077678	False	generic.2014-05-13.json	1
http://www.myfoxphilly.com/story/25396178/american-red-cross-opening-comfort-centers-in-chester-county		generic.2014-05-13.json	1
http://blog.timesunion.com/horseracing/california-chrome-5-2-morning-line-favorite-in-kentucky-derby/10506/	False	generic.2014-05-13.json	1
http://www.classicalite.com/articles/7863/20140430/wendy-williams-attacks-rhoa-porsha-kenya-moore-racist-nick-canon.htm	False	generic.2014-05-13.json	1
http://www.examiner.com/article/donald-sterling-and-the-court-of-public-opinion?cid=rss	False	generic.2014-05-13.json	1
http://www.mvtimes.com/2014/04/30/soundings-come-again/	False	generic.2014-05-13.json	1
http://www.bakersfieldcalifornian.com/entertainment/music/x588886357/George-Clinton-bringing-the-funk	False	generic.2014-05-13.json	1
http://time.com/82601/the-origins-of-writerly-words/?utm_source=feedburner&utm_medium=feed&utm_campaign=Feed%3A+time%2Fideas+%28TIME+Ideas%29	False	generic.2014-05-13.json	1
http://www.sun-sentinel.com/fl-precious-metals-fraud--tips-box-20140430,0,1440667.story	False	generic.2014-05-13.json	1
http://www.lockergnome.com/homestead/viewables/2014/04/30/star-wars-infomercials-urge-dip-carbonite/	False	generic.2014-05-13.json	1
http://www.miamiherald.com/2014/04/30/4090332/growth-ordinance-leaves-original.html	False	generic.2014-05-13.json	1
http://www.truebluela.com/2014/4/30/5669758/dodgers-doubleheader-dan-haren-red-patterson-26th-man	False	generic.2014-05-13.json	1
http://www.theglobeandmail.com/report-on-business/industry-news/marketing/the-game-begins-lint-roller-sellers-battle-over-a-basketball-move/article18352752/?cmpid=rss1	False	generic.2014-05-13.json	1
http://timesofindia.indiatimes.com/world/europe/Putin-likely-to-visit-Crimea-on-May-9/articleshow/34450389.cms	False	generic.2014-05-13.json	1
http://www.independent.co.uk/news/business/analysis-and-features/karren-brady-interview-the-first-lady-of-footballs-big-goal-help-for-small-firms-9309132.html	False	generic.2014-05-13.json	1
http://www.stltoday.com/news/local/govt-and-politics/political-fix/st-peters-mayor-says-there-s-strong-potential-for-suit/article_93190856-ce0d-55ab-9a89-01302332781c.html	False	generic.2014-05-13.json	1
http://www.germanpulse.com/2014/04/30/hijacked-ads-berlin-art-vandalism/	False	generic.2014-05-13.json	1
http://www.geelongadvertiser.com.au/news/crime-court/manager-had-fill-of-apco-petrol-thefts/story-fnjuhoxe-1226901771230	False	generic.2014-05-13.json	1
http://www.yourhoustonnews.com/courier/news/arson-strikes-twice-at-home-in-imperial-oaks-within-hours/article_d6a622cf-92f4-5e87-a812-990ef26ef8c3.html	False	generic.2014-05-13.json	1
http://www.pottsmerc.com/general-news/20140430/april-showers-swamp-region-trigger-flooding	False	generic.2014-05-13.json	1
http://www.dailypilot.com/news/tn-dpt-me-0501-mansoor-rehab-home-bill-20140430,0,1287679.story	False	generic.2014-05-13.json	1
http://townhall.com/tipsheet/danieldoherty/2014/04/30/house-democrat-why-yes-of-course-i-still-believe-clarence-thomas-is-an-uncle-tom-n1831815	False	generic.2014-05-13.json	1
http://www.theledger.com/article/20140430/ENT/140439918/1308?Title=Johnson-Barbecue-Excels-at-Southern-Sides-Ribs-and-Wings	False	generic.2014-05-13.json	1
http://newsonjapan.com/html/newsdesk/article/107431.php	False	generic.2014-05-13.json	1
http://www.noise11.com/news/eric-clapton-to-release-jj-cale-tribute-album-20140501	False	generic.2014-05-13.json	1
http://www.musictimes.com/articles/5836/20140430/7-song-mistakes-that-were-intentionally-left-in-the-beatles-nirvana-and-more.htm	False	generic.2014-05-13.json	1
http://www.cincinnati.com/story/opinion/editorials/2014/04/30/opinion-yes-issue/8532341/?from=global&sessionKey=&autologin=	False	generic.2014-05-13.json	1
http://www.independent.co.uk/news/business/news/coop-bank-mulls-suing-directors-and-advisers-over-britannia-deal-9309138.html	False	generic.2014-05-13.json	1
http://online.wsj.com/article/BT-CO-20140430-722970.html	False	generic.2014-05-13.json	1
http://www.bostonglobe.com/sports/2014/04/30/this-week-golf/Zy6FnVgNvdZom2WW2Q5LKJ/story.html	False	generic.2014-05-13.json	1
http://newsonjapan.com/html/newsdesk/article/107434.php	False	generic.2014-05-13.json	1
http://www.prnewswire.co.uk/news-releases/snb-unveils-luxury-collection-of-natural-halal-nail-polishes-257417491.html	False	generic.2014-05-13.json	1
http://www.fortbendstar.com/2014/04/30/clements-athletic-booster-club-hosts-2nd-annual-rangers-on-the-range-golf-tournament/	False	generic.2014-05-13.json	1
http://www.ottawacitizen.com/City+laying+foundation+building+bylaw/9793550/story.html	False	generic.2014-05-13.json	1
http://www.tuxmachines.org/node/65391	False	generic.2014-05-13.json	1
http://boston.cbslocal.com/2014/04/30/boston-students-honored-for-saving-teacher/		generic.2014-05-13.json	1
http://www.telegraphindia.com/1140501/jsp/jharkhand/story_18294902.jsp	False	generic.2014-05-13.json	1
http://www.tuxmachines.org/node/65392	True	generic.2014-05-13.json	1
http://pulse2.com/2014/04/30/yahoo-inc-yhoo-ceo-marissa-mayer-reportedly-compensated-214m-for-15-months-of-work-108344/	False	generic.2014-05-13.json	1
http://www.ign.com/articles/2014/04/30/spelunky-coming-to-ps4?utm_source=feedburner&utm_medium=feed&utm_campaign=Feed%3A+ign%2Fall+%28IGN+All%29	False	generic.2014-05-13.json	1
http://www.torontosun.com/2014/04/30/anti-bacterial-scarf-developed-for-transit-riders	False	generic.2014-05-13.json	1
http://newsonjapan.com/html/newsdesk/article/107435.php	False	generic.2014-05-13.json	1
http://www.sys-con.com/node/3077677	False	generic.2014-05-13.json	1
http://audaud.com/2014/04/hampson-sisler-the-second-coming-sofia-ch-choir-sofia-sinfonietta-marlon-daniel-msr-classics/	False	generic.2014-05-13.json	1
http://www.chanute.com/news/article_bca2befc-d0c0-11e3-89a5-001a4bcf6878.html	False	generic.2014-05-13.json	1
http://www.chanute.com/news/article_29f558ac-d0c1-11e3-932c-001a4bcf6878.html	False	generic.2014-05-13.json	1
http://www.kdramastars.com/articles/20833/20140430/empress-ki-ji-chang-wook-jin-yi-han-face-ending-with-joo-jin-mos-death.htm	False	generic.2014-05-13.json	1
http://www.sys-con.com/node/3077676	False	generic.2014-05-13.json	1
http://patdollard.com/2014/04/just-67-percent-of-obamacare-enrollees-have-paid-premiums/	False	generic.2014-05-13.json	1
http://www.telegraphindia.com/1140501/jsp/jharkhand/story_18295247.jsp	False	generic.2014-05-13.json	1
http://www.cbc.ca/news/canada/saskatoon/u-of-s-needs-to-tighten-up-on-spending-official-says-1.2627667?cmp=rss	False	generic.2014-05-13.json	1
http://townhall.com/watchdog/wisconsin/2014/04/30/olsen-dpi-collaboration-n4787	False	generic.2014-05-13.json	1
http://www.ktsm.com/news/traffic-tracker/traffic-alert-overturned-semi-truck-us-54-north-i-10-west-ramp	False	generic.2014-05-13.json	1
http://www.pahomepage.com/story/d/story/controversial-indoor-gun-range-one-step-closer-to/32616/d8Qa2HIFhUC8Kx_CmdWkAg	False	generic.2014-05-13.json	1
http://www.tuxmachines.org/node/65395	False	generic.2014-05-13.json	1
http://www.telegraphindia.com/1140501/jsp/jharkhand/story_18297208.jsp	False	generic.2014-05-13.json	1
http://dailyreckoning.com/watch-your-portfolio-skyrocket-from-phase-3-drug-trials/?utm_source=feedburner&utm_medium=feed&utm_campaign=Feed%3A+dailyreckoning+(The+Daily+Reckoning)	False	generic.2014-05-13.json	1
http://www.tuxmachines.org/node/65396	False	generic.2014-05-13.json	1
http://www.nst.com.my/streets/central/mission-launches-pita-breads-1.583482	False	generic.2014-05-13.json	1
http://radaronline.com/exclusives/2014/04/here-comes-the-drama-todd-tuckers-mom-calls-mama-joyce-a-btch-in-kandi-burruss-made-for-tv-wedding-special-watch-the-video/	False	generic.2014-05-13.json	1
http://www.forbes.com/sites/rogerkay/2014/04/30/industry-confirms-improving-pc-market/	False	generic.2014-05-13.json	1
http://msn.foxsports.com/florida/story/heat-aiming-to-make-most-of-time-off-before-round-2-043014	False	generic.2014-05-13.json	1
http://www.wwd.com/fashion-news/fashion-scoops/narciso-rodriguez-to-receive-cooper-hewitt-fashion-design-award-7662207?module=Fashion-hero	False	generic.2014-05-13.json	1
http://www.krcrtv.com/weather/weather-forecast-cooler-by-the-weekend/25744718	False	generic.2014-05-13.json	1
http://www.poynter.org/latest-news/mediawire/249967/ap-posts-profit-after-cost-cutting-but-revenue-declines/	False	generic.2014-05-13.json	1
http://fuelfix.com/blog/2014/04/30/exxon-mobil-chevron-raise-their-dividends/	False	generic.2014-05-13.json	1
http://www.cbc.ca/news/canada/manitoba/first-nations-teen-inspires-youth-at-winnipeg-tedx-event-1.2627760		generic.2014-05-13.json	1
http://ktar.com/22/1728147/Gov-Jan-Brewer-signs-bill-letting-optometrists-prescribe	False	generic.2014-05-13.json	1
http://www.examiner.com/article/twin-cities-minnesota-march-against-monsanto?cid=rss		generic.2014-05-13.json	1
http://www.express.co.uk/finance/city/473286/Supermarket-giant-Morrisons-unveils-permanent-price-cuts?utm_source=feedburner&utm_medium=feed&utm_campaign=Feed%3A+daily-express-city-business-news+%28Daily+Express+%3A%3A+City+%26+Business+Feed%29	False	generic.2014-05-13.json	1
http://finance-commerce.com/2014/04/economy-slowed-to-0-1-percent-growth/	False	generic.2014-05-13.json	1
http://www.insidehalton.com/community-story/4493043-new-home-for-steam-era/	False	generic.2014-05-13.json	1
http://newsonjapan.com/html/newsdesk/article/107433.php	False	generic.2014-05-13.json	1
http://www.tuscaloosanews.com/article/20140430/ENT/140439990/1005?Title=MEET-THE-BAND-Scooter-Muse-and-Jil-Chambless	False	generic.2014-05-13.json	1
http://www.bangkokpost.com/news/world/407572/state-department-terrorism-report-full-text	False	generic.2014-05-13.json	1
http://www.express.co.uk/finance/city/473290/Insurance-and-holiday-group-Saga-plot-2-2billion-stock-market-list?utm_source=feedburner&utm_medium=feed&utm_campaign=Feed%3A+daily-express-city-business-news+%28Daily+Express+%3A%3A+City+%26+Business+Feed%29	False	generic.2014-05-13.json	1
http://www.80000hours.org/blog/141-3-ways-to-broaden-your-career-horizons		effective-altruism.2014-06-21.json	1
http://www.80000hours.org/blog/143-how-to-choose-a-degree-what-do-employers-want/ratings		effective-altruism.2014-06-21.json	1
http://www.80000hours.org/blog/146-encourage-discussion-not-defensiveness	True	effective-altruism.2014-06-21.json	1
http://www.80000hours.org/blog/148-career-advice-for-high-impact-activism	True	effective-altruism.2014-06-21.json	1
http://www.80000hours.org/blog/131-christmas-gifts-goats-and-cash-transfer-charities/ratings		effective-altruism.2014-06-21.json	1
http://www.80000hours.org/blog/135-the-power-of-effective-activism	True	effective-altruism.2014-06-21.json	1
http://www.80000hours.org/blog/139-trading-donating-and-charter-cities-an-interview-with-ben-gilbert	True	effective-altruism.2014-06-21.json	1
http://www.80000hours.org/blog/142-how-to-choose-a-degree-for-earning-to-give-and-research	True	effective-altruism.2014-06-21.json	1
http://www.80000hours.org/blog/147-vegetarian-research-the-value-and-the-need/ratings		effective-altruism.2014-06-21.json	1
http://www.80000hours.org/blog/149-the-best-resources-for-planning-your-career	True	effective-altruism.2014-06-21.json	1
http://www.80000hours.org/blog/155-tiny-steps-towards-an-incrementally-better-world	True	effective-altruism.2014-06-21.json	1
http://www.80000hours.org/blog/157-the-single-number-that-best-predicts-professor-tenure-a-case-study-in-quantitative-career-planning		effective-altruism.2014-06-21.json	1
http://www.80000hours.org/blog/163-internship-opportunity-in-promoting-charity-cost-effectiveness/ratings		effective-altruism.2014-06-21.json	1
http://www.80000hours.org/blog/151-advice-on-going-into-a-research-career-an-interview-with-richard-thaler		effective-altruism.2014-06-21.json	1
http://www.80000hours.org/blog/158-how-to-find-out-earnings-for-different-jobs/ratings		effective-altruism.2014-06-21.json	1
http://www.80000hours.org/blog/166-is-most-research-a-waste	True	effective-altruism.2014-06-21.json	1
http://www.80000hours.org/blog/167-is-us-gun-control-an-important-issue		effective-altruism.2014-06-21.json	1
http://www.80000hours.org/blog/170-estimation-part-i-how-to-do-it/ratings		effective-altruism.2014-06-21.json	1
http://www.80000hours.org/blog/173-looking-for-a-seriously-high-impact-job-using-your-analytical-skills/ratings		effective-altruism.2014-06-21.json	1
http://www.80000hours.org/blog/175-how-important-is-networking-for-career-success		effective-altruism.2014-06-21.json	1
http://www.80000hours.org/blog/186-how-to-improve-your-memory		effective-altruism.2014-06-21.json	1
http://www.80000hours.org/blog/172-interview-with-holden-karnofsky-co-founder-of-givewell	True	effective-altruism.2014-06-21.json	1
http://www.80000hours.org/blog/176-opportunity-to-intern-with-80-000-hours--178		effective-altruism.2014-06-21.json	1
http://www.80000hours.org/blog/184-dramatically-increase-your-productivity-by-using-a-task-management-system-meta-skills-part-3		effective-altruism.2014-06-21.json	1
http://www.80000hours.org/blog/190-where-can-i-earn-the-most/ratings		effective-altruism.2014-06-21.json	1
http://www.80000hours.org/blog/192-how-to-create-a-donor-advised-fund	True	effective-altruism.2014-06-21.json	1
http://www.80000hours.org/blog/226-80-000-hours-mentioned-in-ted/ratings		effective-altruism.2014-06-21.json	1
http://www.80000hours.org/blog/234-the-future-of-humanity-institute-is-hiring-a-high-impact-project-manager/ratings		effective-altruism.2014-06-21.json	1
http://www.80000hours.org/blog/193-how-to-add-value-in-international-development-an-interview-with-eva-vivalt	True	effective-altruism.2014-06-21.json	1
http://www.80000hours.org/blog/228-our-new-videos-have-been-released		effective-altruism.2014-06-21.json	1
http://www.80000hours.org/blog/231-effective-animal-activism-a-spin-off-of-80-000-hours-has-hired-a-full-time-executive-director		effective-altruism.2014-06-21.json	1
http://www.80000hours.org/blog/237-your-career-is-like-a-startup/ratings		effective-altruism.2014-06-21.json	1
http://www.80000hours.org/blog/239-show-me-the-harm	True	effective-altruism.2014-06-21.json	1
http://www.80000hours.org/blog/242-why-the-myers-briggs-test-is-not-useful-in-picking-a-career/ratings		effective-altruism.2014-06-21.json	1
http://www.80000hours.org/blog/247-metrics-report		effective-altruism.2014-06-21.json	1
http://www.80000hours.org/blog/251-summary-of-our-six-month-evaluation/ratings		effective-altruism.2014-06-21.json	1
http://www.80000hours.org/blog/240-we-re-looking-for-a-director-of-fundraising-and-a-finance-manager		effective-altruism.2014-06-21.json	1
http://www.80000hours.org/blog/244-our-first-career-workshop/ratings		effective-altruism.2014-06-21.json	1
http://www.80000hours.org/blog/249-finance-report		effective-altruism.2014-06-21.json	1
http://www.80000hours.org/blog/252-trustee-and-advisory-board-report/ratings		effective-altruism.2014-06-21.json	1
http://www.80000hours.org/blog/255-we-re-looking-for-donations/ratings		effective-altruism.2014-06-21.json	1
http://www.80000hours.org/blog/257-the-value-of-economics-phds-a-conversation-with-robin-hanson		effective-altruism.2014-06-21.json	1
http://www.80000hours.org/blog/259-interview-with-the-founder-of-giving-games/ratings		effective-altruism.2014-06-21.json	1
http://www.80000hours.org/blog/261-more-on-what-really-matters-for-finding-a-job-you-love		effective-altruism.2014-06-21.json	1
http://www.80000hours.org/blog/263-interview-with-the-world-health-organisation	True	effective-altruism.2014-06-21.json	1
http://www.80000hours.org/blog/265-why-consider-becoming-a-trader	True	effective-altruism.2014-06-21.json	1
http://www.80000hours.org/blog/272-case-study-working-in-the-financial-sector-to-promote-a-flourishing-long-term-future	True	effective-altruism.2014-06-21.json	1
http://www.80000hours.org/blog/278-more-evidence-on-the-competitiveness-of-charity-jobs	True	effective-altruism.2014-06-21.json	1
http://www.80000hours.org/blog/261-more-on-what-really-matters-for-finding-a-job-you-love/ratings		effective-altruism.2014-06-21.json	1
http://www.80000hours.org/blog/268-economics-phd-the-only-one-worth-getting		effective-altruism.2014-06-21.json	1
http://www.80000hours.org/blog/270-live-q-a-in-oxford-with-dame-stephanie-shirley/ratings		effective-altruism.2014-06-21.json	1
http://www.80000hours.org/blog/275-interview-with-malaria-vaccine-researcher-katie-ewer	True	effective-altruism.2014-06-21.json	1
http://www.80000hours.org/blog/278-more-evidence-on-the-competitiveness-of-charity-jobs/ratings		effective-altruism.2014-06-21.json	1
http://www.80000hours.org/blog/279-summary-of-our-thoughts-on-how-to-pick-a-degree/ratings		effective-altruism.2014-06-21.json	1
http://www.80000hours.org/blog/281-why-pick-a-cause/ratings		effective-altruism.2014-06-21.json	1
http://www.80000hours.org/blog/281-why-pick-a-cause	True	effective-altruism.2014-06-21.json	1
http://www.80000hours.org/blog/76-should-we-sacrifice-doing-what-we-love-to-make-a-difference-part-2	True	effective-altruism.2014-06-21.json	1
http://www.80000hours.org/blog/78-quantification-part-1-an-introduction	True	effective-altruism.2014-06-21.json	1
http://www.80000hours.org/blog/81-how-many-lives-does-a-doctor-save-part-2-diminishing-marginal-returns/ratings		effective-altruism.2014-06-21.json	1
http://www.80000hours.org/blog/90-quantification-as-a-lamppost-in-the-dark-quantification-part-3	True	effective-altruism.2014-06-21.json	1
http://www.80000hours.org/blog/79-quantification-part-2-the-dangers	True	effective-altruism.2014-06-21.json	1
http://www.80000hours.org/blog/84-quantum-quest-pruning-procrastination/ratings		effective-altruism.2014-06-21.json	1
http://www.80000hours.org/blog/94-how-to-do-one-year-of-work-in-four-hours	True	effective-altruism.2014-06-21.json	1
http://www.80000hours.org/blog/98-how-to-be-a-high-impact-philosopher-part-ii	True	effective-altruism.2014-06-21.json	1
http://www.80000hours.org/blog/103-how-to-do-important-research	True	effective-altruism.2014-06-21.json	1
http://www.80000hours.org/blog/108-net-impact-survey-hopeful-news-for-ethical-careers	True	effective-altruism.2014-06-21.json	1
http://www.80000hours.org/blog/109-should-we-stop-interviewing-people/ratings		effective-altruism.2014-06-21.json	1
